{
  "nowcast": {
    "rmse": 0.17762629244645992,
    "mae": 0.14391504991987739,
    "pe": 0.9459313060064924,
    "r2": 0.9459313060064924,
    "lc": 0.9726067011500679,
    "bias": -0.000926585698669607,
    "uncertainty_factor": 1.5053111983096021,
    "skill_vs_persistence": 0.016780373367036083,
    "skill_vs_climatology": 0.9553855744354597,
    "pod": 0.9224806201550387,
    "far": 0.08812260536398467,
    "pofd": 0.04307116104868914,
    "csi": 0.8469750889679716,
    "f1": 0.9171483622350675,
    "hss": 0.8767747818158135,
    "tss": 0.8794094591063496,
    "n_hits": 238.0,
    "n_misses": 20.0,
    "n_false_alarms": 23.0,
    "n_correct_neg": 511.0,
    "roc_auc": 0.9899761925500101,
    "brier": 0.038451785727437314,
    "bss": 0.8249323453057571,
    "pinball_0.1": 0.029190072774736568,
    "pinball_0.5": 0.07195752495993869,
    "pinball_0.9": 0.03193716949811487,
    "crps": 0.08872317815519341,
    "picp": 0.8308080808080808,
    "picp_nominal": 0.8
  },
  "6h": {
    "rmse": 0.4711603079218149,
    "mae": 0.403840969871692,
    "pe": 0.6101704213525238,
    "r2": 0.6101704213525238,
    "lc": 0.7822222737642425,
    "bias": -0.00855739162576319,
    "uncertainty_factor": 2.959104537437547,
    "skill_vs_persistence": 0.19521710794288827,
    "skill_vs_climatology": 0.6578327073641417,
    "pod": 0.5720338983050848,
    "far": 0.4155844155844156,
    "pofd": 0.17266187050359713,
    "csi": 0.4066265060240964,
    "f1": 0.5781584582441114,
    "hss": 0.4018218623481781,
    "tss": 0.3993720278014876,
    "n_hits": 135.0,
    "n_misses": 101.0,
    "n_false_alarms": 96.0,
    "n_correct_neg": 460.0,
    "roc_auc": 0.8507194244604317,
    "brier": 0.1506939225360153,
    "bss": 0.27962388256286497,
    "pinball_0.1": 0.0735544954849915,
    "pinball_0.5": 0.201920484935846,
    "pinball_0.9": 0.0786589965638187,
    "crps": 0.2360893179897708,
    "picp": 0.7765151515151515,
    "picp_nominal": 0.8
  },
  "12h": {
    "rmse": 0.5134259406065842,
    "mae": 0.41876272830848743,
    "pe": 0.5422222552715851,
    "r2": 0.5422222552715851,
    "lc": 0.7393724953349329,
    "bias": -0.03759575082045613,
    "uncertainty_factor": 3.2615642683052943,
    "skill_vs_persistence": 0.49202966168485773,
    "skill_vs_climatology": 0.6331353581454633,
    "pod": 0.4978165938864629,
    "far": 0.3770491803278688,
    "pofd": 0.12255772646536411,
    "csi": 0.3825503355704698,
    "f1": 0.5533980582524272,
    "hss": 0.399035011753062,
    "tss": 0.37525886742109876,
    "n_hits": 114.0,
    "n_misses": 115.0,
    "n_false_alarms": 69.0,
    "n_correct_neg": 494.0,
    "roc_auc": 0.8150193520364237,
    "brier": 0.1592294961366429,
    "bss": 0.22530633098842645,
    "pinball_0.1": 0.08412306834426192,
    "pinball_0.5": 0.20938136415424372,
    "pinball_0.9": 0.09128638655323572,
    "crps": 0.2565272127011609,
    "picp": 0.8535353535353535,
    "picp_nominal": 0.8
  }
}