{
  "nowcast": {
    "rmse": 0.8409488832464325,
    "mae": 0.6661968549920453,
    "pe": -0.21191057173403438,
    "r2": -0.21191057173403438,
    "lc": 0.25835819651969427,
    "bias": -0.21184933445218837,
    "uncertainty_factor": 6.933441941342813,
    "skill_vs_persistence": -21.03815501805832,
    "skill_vs_climatology": 0.0,
    "pod": 0.1937984496124031,
    "far": 0.35064935064935066,
    "pofd": 0.05056179775280899,
    "csi": 0.17543859649122806,
    "f1": 0.29850746268656714,
    "hss": 0.17495611468695138,
    "tss": 0.1432366518595941,
    "n_hits": 50.0,
    "n_misses": 208.0,
    "n_false_alarms": 27.0,
    "n_correct_neg": 507.0,
    "roc_auc": 0.6137204947304242,
    "brier": 0.2342540708768545,
    "bss": -0.06653852389817394,
    "pinball_0.1": 0.18630707402045682,
    "pinball_0.5": 0.32593919568215357,
    "pinball_0.9": 0.25091146998709496,
    "crps": 0.5087718264598036,
    "picp": 0.5214646464646465,
    "picp_nominal": 0.8
  },
  "6h": {
    "rmse": 0.8054701494446417,
    "mae": 0.6404129090257967,
    "pe": -0.13929527174983702,
    "r2": -0.13929527174983702,
    "lc": 0.31957588523558067,
    "bias": -0.19307253475893627,
    "uncertainty_factor": 6.389548182738562,
    "skill_vs_persistence": -1.3520158395547717,
    "skill_vs_climatology": 0.0,
    "pod": 0.1864406779661017,
    "far": 0.5111111111111111,
    "pofd": 0.08273381294964029,
    "csi": 0.15602836879432624,
    "f1": 0.26993865030674846,
    "hss": 0.12616822429906546,
    "tss": 0.10370686501646141,
    "n_hits": 44.0,
    "n_misses": 192.0,
    "n_false_alarms": 46.0,
    "n_correct_neg": 510.0,
    "roc_auc": 0.5315053042311914,
    "brier": 0.25619622220904004,
    "bss": -0.22471853377432094,
    "pinball_0.1": 0.17117026600648055,
    "pinball_0.5": 0.3134705312361922,
    "pinball_0.9": 0.2654097136034809,
    "crps": 0.5000336738974358,
    "picp": 0.5555555555555556,
    "picp_nominal": 0.8
  },
  "12h": {
    "rmse": 0.8476662247068872,
    "mae": 0.6903659284792163,
    "pe": -0.24781102483549144,
    "r2": -0.24781102483549144,
    "lc": 0.21624525004272288,
    "bias": -0.17994436241611086,
    "uncertainty_factor": 7.0415168798241226,
    "skill_vs_persistence": -0.3846260455826498,
    "skill_vs_climatology": 0.0,
    "pod": 0.12663755458515283,
    "far": 0.6506024096385542,
    "pofd": 0.09591474245115453,
    "csi": 0.10247349823321555,
    "f1": 0.1858974358974359,
    "hss": 0.03788799081735151,
    "tss": 0.0307228121339983,
    "n_hits": 29.0,
    "n_misses": 200.0,
    "n_false_alarms": 54.0,
    "n_correct_neg": 509.0,
    "roc_auc": 0.4609624050819456,
    "brier": 0.28760768970758566,
    "bss": -0.3992875803884288,
    "pinball_0.1": 0.1956701275488042,
    "pinball_0.5": 0.3392879634230125,
    "pinball_0.9": 0.2960182339442197,
    "crps": 0.553984216610691,
    "picp": 0.5227272727272727,
    "picp_nominal": 0.8
  }
}