{
  "nowcast": {
    "rmse": 1.0652976940233632,
    "mae": 0.8577156289283073,
    "pe": -0.9447928602085729,
    "r2": -0.9447928602085729,
    "lc": 0.04424396170732894,
    "bias": 0.003810847460320502,
    "uncertainty_factor": 11.622450200908103,
    "skill_vs_persistence": -34.365354120118624,
    "skill_vs_climatology": -0.6047329774720183,
    "pod": 0.2364341085271318,
    "far": 0.7607843137254902,
    "pofd": 0.36329588014981273,
    "csi": 0.13495575221238937,
    "f1": 0.2378167641325536,
    "hss": -0.12724413576202329,
    "tss": -0.12686177162268095,
    "n_hits": 61.0,
    "n_misses": 197.0,
    "n_false_alarms": 194.0,
    "n_correct_neg": 340.0,
    "roc_auc": 0.44599410620445373,
    "brier": 0.4716685662769984,
    "bss": -1.14746618730348,
    "pinball_0.1": 0.36448632144943033,
    "pinball_0.5": 0.42884705559999653,
    "pinball_0.9": 0.36535659324415404,
    "crps": 0.7724599801957206,
    "picp": 0.1148989898989899,
    "picp_nominal": 0.8
  },
  "6h": {
    "rmse": 1.0347757134869315,
    "mae": 0.8119177978975002,
    "pe": -0.8803117021111555,
    "r2": -0.8803117021111555,
    "lc": 0.09021804891891194,
    "bias": 0.043652407561588766,
    "uncertainty_factor": 10.833672766480959,
    "skill_vs_persistence": -2.8818057235268815,
    "skill_vs_climatology": -0.6504164888029385,
    "pod": 0.3474576271186441,
    "far": 0.6784313725490196,
    "pofd": 0.31115107913669066,
    "csi": 0.20048899755501223,
    "f1": 0.3340122199592668,
    "hss": 0.03548444762245255,
    "tss": 0.03630654798195343,
    "n_hits": 82.0,
    "n_misses": 154.0,
    "n_false_alarms": 173.0,
    "n_correct_neg": 383.0,
    "roc_auc": 0.5488431288867212,
    "brier": 0.3886690597433179,
    "bss": -0.8579907106666305,
    "pinball_0.1": 0.35504626891001906,
    "pinball_0.5": 0.405946633637403,
    "pinball_0.9": 0.32966364433593826,
    "crps": 0.7271043645889068,
    "picp": 0.11616161616161616,
    "picp_nominal": 0.8
  },
  "12h": {
    "rmse": 0.9625946340187268,
    "mae": 0.7235285616056486,
    "pe": -0.6091107385669647,
    "r2": -0.6091107385669647,
    "lc": 0.2130477348574385,
    "bias": 0.0774380655375996,
    "uncertainty_factor": 9.174758342370755,
    "skill_vs_persistence": -0.7855401134481002,
    "skill_vs_climatology": -0.2895468196228723,
    "pod": 0.4585152838427948,
    "far": 0.58984375,
    "pofd": 0.2682060390763766,
    "csi": 0.27631578947368424,
    "f1": 0.4329896907216495,
    "hss": 0.18387841362151144,
    "tss": 0.1903092447664182,
    "n_hits": 105.0,
    "n_misses": 124.0,
    "n_false_alarms": 151.0,
    "n_correct_neg": 412.0,
    "roc_auc": 0.5900044211065176,
    "brier": 0.3243654150735087,
    "bss": -0.5781236492020236,
    "pinball_0.1": 0.3282641677355224,
    "pinball_0.5": 0.36175290113220915,
    "pinball_0.9": 0.2828519924233357,
    "crps": 0.6485793741940449,
    "picp": 0.2335858585858586,
    "picp_nominal": 0.8
  }
}