horizon,rmse,mae,pe,r2,lc,bias,uncertainty_factor,skill_vs_persistence,skill_vs_climatology,pod,far,pofd,csi,f1,hss,tss,n_hits,n_misses,n_false_alarms,n_correct_neg,roc_auc,brier,bss,pinball_0.1,pinball_0.5,pinball_0.9,crps,picp,picp_nominal
nowcast,0.8409488832464325,0.6661968549920453,-0.21191057173403438,-0.21191057173403438,0.25835819651969427,-0.21184933445218837,6.933441941342813,-21.03815501805832,0.0,0.1937984496124031,0.35064935064935066,0.05056179775280899,0.17543859649122806,0.29850746268656714,0.17495611468695138,0.1432366518595941,50.0,208.0,27.0,507.0,0.6137204947304242,0.2342540708768545,-0.06653852389817394,0.18630707402045682,0.32593919568215357,0.25091146998709496,0.5087718264598036,0.5214646464646465,0.8
6h,0.8054701494446417,0.6404129090257967,-0.13929527174983702,-0.13929527174983702,0.31957588523558067,-0.19307253475893627,6.389548182738562,-1.3520158395547717,0.0,0.1864406779661017,0.5111111111111111,0.08273381294964029,0.15602836879432624,0.26993865030674846,0.12616822429906546,0.10370686501646141,44.0,192.0,46.0,510.0,0.5315053042311914,0.25619622220904004,-0.22471853377432094,0.17117026600648055,0.3134705312361922,0.2654097136034809,0.5000336738974358,0.5555555555555556,0.8
12h,0.8476662247068872,0.6903659284792163,-0.24781102483549144,-0.24781102483549144,0.21624525004272288,-0.17994436241611086,7.0415168798241226,-0.3846260455826498,0.0,0.12663755458515283,0.6506024096385542,0.09591474245115453,0.10247349823321555,0.1858974358974359,0.03788799081735151,0.0307228121339983,29.0,200.0,54.0,509.0,0.4609624050819456,0.28760768970758566,-0.3992875803884288,0.1956701275488042,0.3392879634230125,0.2960182339442197,0.553984216610691,0.5227272727272727,0.8
