horizon,rmse,mae,pe,r2,lc,bias,uncertainty_factor,skill_vs_persistence,skill_vs_climatology,pod,far,pofd,csi,f1,hss,tss,n_hits,n_misses,n_false_alarms,n_correct_neg,roc_auc,brier,bss,pinball_0.1,pinball_0.5,pinball_0.9,crps,picp,picp_nominal
nowcast,0.1790274485182923,0.1439710653415232,0.945074929638209,0.945074929638209,0.9749740205611411,-0.05517611709056479,1.5101755980952714,0.0012074791302724153,0.9546789411340784,0.9069767441860465,0.040983606557377046,0.018726591760299626,0.8731343283582089,0.9322709163346613,0.9008833922261484,0.8882501524257468,234.0,24.0,10.0,524.0,0.9916456173968585,0.034069984776332676,0.8448823060510007,0.029679442592190977,0.07195170266986495,0.036862118764206614,0.09232884268417503,0.6666666666666666,0.8
6h,0.5358223755134511,0.468676657274817,0.49582757891325424,0.49582757891325424,0.7535465617531758,-0.0319357155775181,3.4341746297776243,-0.04083774388127481,0.5574699258495208,0.597457627118644,0.4025423728813559,0.17086330935251798,0.4259818731117825,0.597457627118644,0.42659431776612605,0.42659431776612605,141.0,95.0,95.0,461.0,0.8456171503475186,0.2153132121635143,-0.02928169365423905,0.1536632067062939,0.23432621071961793,0.18144136684184725,0.3796205228451727,0.18055555555555555,0.8
12h,0.7025098934130174,0.6190805012604805,0.14295435990398597,0.14295435990398597,0.5673383977256024,0.021318993973310548,5.040921024043713,0.048984428001471625,0.31316070860248657,0.35807860262008734,0.6583333333333333,0.28063943161634103,0.21188630490956073,0.34968017057569295,0.07635128934569141,0.07743917100374631,82.0,147.0,158.0,405.0,0.6967392400350586,0.3478938960901306,-0.6925959406259328,0.24563912702253973,0.3095474457086036,0.2319111691166957,0.5247318278985594,0.12878787878787878,0.8
