{
  "nowcast": {
    "rmse": 0.1791356324544563,
    "mae": 0.14550195965501997,
    "pe": 0.9450085285841314,
    "r2": 0.9450085285841314,
    "lc": 0.9725651402335392,
    "bias": 0.0042609827536525145,
    "uncertainty_factor": 1.5105518338012134,
    "skill_vs_persistence": 0.0,
    "skill_vs_climatology": 0.9546241507430823,
    "pod": 0.9302325581395349,
    "far": 0.09433962264150944,
    "pofd": 0.04681647940074907,
    "csi": 0.8480565371024735,
    "f1": 0.9177820267686424,
    "hss": 0.8772650607620118,
    "tss": 0.8834160787387858,
    "n_hits": 240.0,
    "n_misses": 18.0,
    "n_false_alarms": 25.0,
    "n_correct_neg": 509.0,
    "roc_auc": 0.941708039369393,
    "brier": 0.054292929292929296,
    "bss": 0.752808988764045,
    "pinball_0.1": 0.07445537292897099,
    "pinball_0.5": 0.07275097982750998,
    "pinball_0.9": 0.07104658672604898,
    "crps": 0.14550195965501997,
    "picp": 0.0,
    "picp_nominal": 0.8
  },
  "6h": {
    "rmse": 0.525205577036495,
    "mae": 0.4574005285447294,
    "pe": 0.5156090139403562,
    "r2": 0.5156090139403562,
    "lc": 0.7627497579497614,
    "bias": 0.04199300149474481,
    "uncertainty_factor": 3.3512403546925715,
    "skill_vs_persistence": 0.0,
    "skill_vs_climatology": 0.5748327952632766,
    "pod": 0.6398305084745762,
    "far": 0.43018867924528303,
    "pofd": 0.20503597122302158,
    "csi": 0.43142857142857144,
    "f1": 0.6027944111776448,
    "hss": 0.41994464727358377,
    "tss": 0.43479453725155465,
    "n_hits": 151.0,
    "n_misses": 85.0,
    "n_false_alarms": 114.0,
    "n_correct_neg": 442.0,
    "roc_auc": 0.7173972686257774,
    "brier": 0.25126262626262624,
    "bss": -0.20113400804779902,
    "pinball_0.1": 0.24549746487026264,
    "pinball_0.5": 0.2287002642723647,
    "pinball_0.9": 0.2119030636744668,
    "crps": 0.4574005285447294,
    "picp": 0.0,
    "picp_nominal": 0.8
  },
  "12h": {
    "rmse": 0.7203749968425128,
    "mae": 0.6315574457850119,
    "pe": 0.09881008752048048,
    "r2": 0.09881008752048048,
    "lc": 0.5580772851318213,
    "bias": 0.07573011479895524,
    "uncertainty_factor": 5.2526080731806815,
    "skill_vs_persistence": 0.0,
    "skill_vs_climatology": 0.2777833385481344,
    "pod": 0.4366812227074236,
    "far": 0.6226415094339622,
    "pofd": 0.29307282415630553,
    "csi": 0.25380710659898476,
    "f1": 0.4048582995951417,
    "hss": 0.13721014680707583,
    "tss": 0.14360839855111807,
    "n_hits": 100.0,
    "n_misses": 129.0,
    "n_false_alarms": 165.0,
    "n_correct_neg": 398.0,
    "roc_auc": 0.571804199275559,
    "brier": 0.3712121212121212,
    "bss": -0.806045281438333,
    "pinball_0.1": 0.34607076881208804,
    "pinball_0.5": 0.31577872289250597,
    "pinball_0.9": 0.28548667697292385,
    "crps": 0.6315574457850119,
    "picp": 0.0,
    "picp_nominal": 0.8
  }
}