{
  "nowcast": {
    "rmse": 0.13452248219312204,
    "mae": 0.10661471119583255,
    "pe": 0.9689886178989081,
    "r2": 0.9689886178989081,
    "lc": 0.9845264623513315,
    "bias": 0.0006655209669561098,
    "uncertainty_factor": 1.3630835673502966,
    "skill_vs_persistence": 0.4360692430546034,
    "skill_vs_climatology": 0.9744111629815062,
    "pod": 0.9418604651162791,
    "far": 0.05078125,
    "pofd": 0.024344569288389514,
    "csi": 0.8966789667896679,
    "f1": 0.9455252918287937,
    "hss": 0.9193576540408448,
    "tss": 0.9175158958278896,
    "n_hits": 243.0,
    "n_misses": 15.0,
    "n_false_alarms": 13.0,
    "n_correct_neg": 521.0,
    "roc_auc": 0.9942804053073193,
    "brier": 0.03630058139863533,
    "bss": 0.8347265925555731,
    "pinball_0.1": 0.0269174245308445,
    "pinball_0.5": 0.05330735559791627,
    "pinball_0.9": 0.025843291334582096,
    "crps": 0.07071204764222859,
    "picp": 0.6616161616161617,
    "picp_nominal": 0.8
  },
  "6h": {
    "rmse": 0.18260418651522917,
    "mae": 0.1463637685760705,
    "pe": 0.9414456916868704,
    "r2": 0.9414456916868704,
    "lc": 0.9718563083910493,
    "bias": -0.01603504657895878,
    "uncertainty_factor": 1.5226643736887278,
    "skill_vs_persistence": 0.8791176756003473,
    "skill_vs_climatology": 0.9486048000329218,
    "pod": 0.885593220338983,
    "far": 0.06696428571428571,
    "pofd": 0.02697841726618705,
    "csi": 0.8326693227091634,
    "f1": 0.908695652173913,
    "hss": 0.8713649300829105,
    "tss": 0.858614803072796,
    "n_hits": 209.0,
    "n_misses": 27.0,
    "n_false_alarms": 15.0,
    "n_correct_neg": 541.0,
    "roc_auc": 0.9828450798683087,
    "brier": 0.05288493828524788,
    "bss": 0.7471892305164177,
    "pinball_0.1": 0.03434781942027386,
    "pinball_0.5": 0.07318188428803525,
    "pinball_0.9": 0.03789701018896368,
    "crps": 0.09695114259818187,
    "picp": 0.5416666666666666,
    "picp_nominal": 0.8
  },
  "12h": {
    "rmse": 0.2032643299213913,
    "mae": 0.16041299298104614,
    "pe": 0.9282500825556024,
    "r2": 0.9282500825556024,
    "lc": 0.9665529230067066,
    "bias": -0.03672405787640148,
    "uncertainty_factor": 1.5968507621836112,
    "skill_vs_persistence": 0.9203831329547553,
    "skill_vs_climatology": 0.9424993720873263,
    "pod": 0.8253275109170306,
    "far": 0.05025125628140704,
    "pofd": 0.017761989342806393,
    "csi": 0.7907949790794979,
    "f1": 0.883177570093458,
    "hss": 0.8402156282027486,
    "tss": 0.8075655215742242,
    "n_hits": 189.0,
    "n_misses": 40.0,
    "n_false_alarms": 10.0,
    "n_correct_neg": 553.0,
    "roc_auc": 0.9837815197747563,
    "brier": 0.04786253952706862,
    "bss": 0.7671360692957475,
    "pinball_0.1": 0.035784885599607165,
    "pinball_0.5": 0.08020649649052307,
    "pinball_0.9": 0.053887596835542215,
    "crps": 0.11325265261711497,
    "picp": 0.47474747474747475,
    "picp_nominal": 0.8
  }
}