{
  "nowcast": {
    "rmse": 0.1790274485182923,
    "mae": 0.1439710653415232,
    "pe": 0.945074929638209,
    "r2": 0.945074929638209,
    "lc": 0.9749740205611411,
    "bias": -0.05517611709056479,
    "uncertainty_factor": 1.5101755980952714,
    "skill_vs_persistence": 0.0012074791302724153,
    "skill_vs_climatology": 0.9546789411340784,
    "pod": 0.9069767441860465,
    "far": 0.040983606557377046,
    "pofd": 0.018726591760299626,
    "csi": 0.8731343283582089,
    "f1": 0.9322709163346613,
    "hss": 0.9008833922261484,
    "tss": 0.8882501524257468,
    "n_hits": 234.0,
    "n_misses": 24.0,
    "n_false_alarms": 10.0,
    "n_correct_neg": 524.0,
    "roc_auc": 0.9916456173968585,
    "brier": 0.034069984776332676,
    "bss": 0.8448823060510007,
    "pinball_0.1": 0.029679442592190977,
    "pinball_0.5": 0.07195170266986495,
    "pinball_0.9": 0.036862118764206614,
    "crps": 0.09232884268417503,
    "picp": 0.6666666666666666,
    "picp_nominal": 0.8
  },
  "6h": {
    "rmse": 0.5358223755134511,
    "mae": 0.468676657274817,
    "pe": 0.49582757891325424,
    "r2": 0.49582757891325424,
    "lc": 0.7535465617531758,
    "bias": -0.0319357155775181,
    "uncertainty_factor": 3.4341746297776243,
    "skill_vs_persistence": -0.04083774388127481,
    "skill_vs_climatology": 0.5574699258495208,
    "pod": 0.597457627118644,
    "far": 0.4025423728813559,
    "pofd": 0.17086330935251798,
    "csi": 0.4259818731117825,
    "f1": 0.597457627118644,
    "hss": 0.42659431776612605,
    "tss": 0.42659431776612605,
    "n_hits": 141.0,
    "n_misses": 95.0,
    "n_false_alarms": 95.0,
    "n_correct_neg": 461.0,
    "roc_auc": 0.8456171503475186,
    "brier": 0.2153132121635143,
    "bss": -0.02928169365423905,
    "pinball_0.1": 0.1536632067062939,
    "pinball_0.5": 0.23432621071961793,
    "pinball_0.9": 0.18144136684184725,
    "crps": 0.3796205228451727,
    "picp": 0.18055555555555555,
    "picp_nominal": 0.8
  },
  "12h": {
    "rmse": 0.7025098934130174,
    "mae": 0.6190805012604805,
    "pe": 0.14295435990398597,
    "r2": 0.14295435990398597,
    "lc": 0.5673383977256024,
    "bias": 0.021318993973310548,
    "uncertainty_factor": 5.040921024043713,
    "skill_vs_persistence": 0.048984428001471625,
    "skill_vs_climatology": 0.31316070860248657,
    "pod": 0.35807860262008734,
    "far": 0.6583333333333333,
    "pofd": 0.28063943161634103,
    "csi": 0.21188630490956073,
    "f1": 0.34968017057569295,
    "hss": 0.07635128934569141,
    "tss": 0.07743917100374631,
    "n_hits": 82.0,
    "n_misses": 147.0,
    "n_false_alarms": 158.0,
    "n_correct_neg": 405.0,
    "roc_auc": 0.6967392400350586,
    "brier": 0.3478938960901306,
    "bss": -0.6925959406259328,
    "pinball_0.1": 0.24563912702253973,
    "pinball_0.5": 0.3095474457086036,
    "pinball_0.9": 0.2319111691166957,
    "crps": 0.5247318278985594,
    "picp": 0.12878787878787878,
    "picp_nominal": 0.8
  }
}